Value,Correlation with Poverty Rate
HIV (non-AIDS) Rate,0.4813630976412349
AIDS Rate,0.4874782113190419
HIV/AIDS Rate,0.48553855074451135
Infant Mortality Rate,0.34515023052680244
Insurance Application Rate,0.3282841520630932
"Disease Rate per 100,000",0.5924922625855076
